 @MariaCorinaYA: Se nos mueren en el Hospital Cent. Barcelona,d Guanare,d Ciudad Bolivar,en SanFco dGuayo.Otra \"estupidez\",SrCabello? htt\u2026
Piradrows - Sal\u00f3n del C\u00f3mic de Barcelona: homenaje a Luis Bermejo.\ :\/\/t.co\/nQ55yjaw3S
 @messileftfoot: Ourselves and Bilbao easily dealt with Man United though \ud83e\udd14 https:\/\/t.co\/VJYp03iYAU
Barcelona fani olarak senin Manchester United hayranligini seviyorum \u0130yikiDogdun EserWest
an\u00e1lisis del Barcelona durante el 2015 https:\/\/t.co\/pUJm0sEwIz v\u00eda @YouTube
 @FutballTweets: Scottish football... just like watching FC Barcelona! \ud83d\ude02\ud83d\ude02 https:\/\/t.co\/Cx57Al6a1b
 @AnisioMor: El Hospital Cl\u00ednic lleva a cabo la primera reconstrucci\u00f3n de cl\u00edtoris por el sistema p\u00fablico https:\/\/t.co\/9gbE7DRqjv v\u00eda @20m
 @NOT_MOTD: Scottish football is like watching Barcelona sometimes... https:\/\/t.co\/qePRZNuwk1
Jornadas celebraci\u00f3n 50 Aniv. Curso Internac. d Hidrolog\u00eda Subterr\u00e1nea (info actualizada). Barcelona 12-13 de Mayo\ :\/\/t.co\/SpEcYdNWjE
 @Bolanet: https:\/\/t.co\/RADZjih0l5 - Barcelona Terus Goda Juan Mata https:\/\/t.co\/yuMuAmaisu
 @Liberater1: ARRESTS KINGPIN #ZimbabweElephants POACHER&gt; #China & ; GOV #cites FRAUD https:\/\/t.co\/6gJ1Xw7ejW  #SaveAfricanAnimals https:\/\/\u2026
Hagamos que cada dia de nuestras vidas sea un 4F @Gerardo4fPsuv @dcabellor @hugbelpsuv lealtad absoluta a Chavez!!!  https:\/\/t.co\/yU71K7l6WO
 @memedeportes: Cuadrado en China  https:\/\/t.co\/WYk2IixEcj https:\/\/t.co\/IVzgikT18W
Quiero las cejas, la boca, la nariz, la sonrisa y el cuerpo de la China Suarez yo creo que taaanto no pido\ud83d\ude4f\ud83d\ude4f\ud83c\udffb
 @intlspectator: Nuclear Warheads\n\nRussia: 8500\nUS: 7700\nFrance: 300\nChina 250\nUK 225\nPakistan: 120\nIndia 110\nIsrael: 80\nNKorea: 8 https:\u2026
 @TheEconomist: China's massive economy has disrupted the world. Can workers in the rich world cope? https:\/\/t.co\/FYMIKrtkuH https:\/\/t.co\u2026
Saudade de quando algu\u00e9m trazia a\u00e7a\u00ed do china p mimm \ud83d\ude14\ud83d\ude14
$5490 dcto China Wok  #TarjetaJoven https:\/\/t.co\/Cc8Q1V6ljW
